headline,published
IBM CEO sends blunt message on quantum computing,2026-08-01 15:33:00+00:00
What ACN Holders Got Paid While The Stock Fell Behind,2026-08-01 15:01:50+00:00
Alphabet vs. IBM: What Diverging Revenue Trends Tell Investors About These Artificial Intelligence Companies,2026-08-01 13:03:01+00:00
IBM (IBM) and Partners Reach Trusted Quantum Breakthroughs Beyond Classical Computing,2026-08-01 03:17:35+00:00
Jim Cramer Is Sad About IBM’s Performance,2026-08-01 02:36:38+00:00
OMC Pays More Than A Treasury. And It Grows,2026-07-31 20:59:26+00:00
IBM quietly cleared a quantum computing hurdle experts doubted,2026-07-31 20:07:00+00:00
"IBM's Enterprise AI Strategy Targets Security, Data Control and Trust",2026-07-31 17:42:00+00:00
Is IBM Stock Worth Buying After Its Steep 2026 Share Price Pullback?,2026-07-31 17:41:00+00:00
Where Apple is diverging from rest of Mag 7 earnings,2026-07-31 14:30:00+00:00
"Oracle Is Its Own Story, With Swings To Match",2026-07-31 14:26:22+00:00
Why IBM Stock May Be A Value Deal,2026-07-31 14:07:37+00:00
Bitcoin’s $437 Billion Quantum Exposure Meets IBM’s 2028 Deadline,2026-07-31 09:56:55+00:00
ACN Got Cheaper. The Business Did Not Get Worse,2026-07-30 21:59:35+00:00
Stagwell Inc (STGW) (Q2 2026) Earnings Call Highlights: Record Revenue and AI-Driven Growth ...,2026-07-30 21:03:28+00:00
How To Bank 13% On IBM Stock Before Buying A Single Share,2026-07-30 21:02:00+00:00
IBM Is Finally Fixing One of Quantum Computing’s Biggest Headaches,2026-07-30 18:50:00+00:00
"BlueQubit Joins Qedma, IBM and RIKEN in a Landmark Quantum Advantage Result",2026-07-30 15:18:00+00:00
"Stagwell Q2 Driven By Digital Transformation, Political",2026-07-30 14:38:03+00:00
Circle Just Bought IBM’s Blockchain Patent Portfolio. The Real Test Is How It Gets Deployed.,2026-07-30 14:00:02+00:00
